ReportNumberNew,Time of Call,Date,Year,Month Name,Quarter,Week of Year,Week of Month,Day Name,Day of Year,Time,Start of Hour,Incident,PDZone,Grid,Time Dispatched,Time Out,Time In,RESPONSE_TIME,TIME_ON_CALL,Officer,Disposition,Response Type,CAD_NOTES,Location,Block1,FullAddress2,How Reported,ST#,BLOCK_
25-015369,02/25/25 08:52,02/25/25,2025,February,01,09,05,Tuesday,056,08:52,08:00,CRIMINAL MISCHIEF,6,F1,02/25/25 09:02:05,02/25/25 09:04:39,02/25/25 09:21:13,0 Hrs. 02 Mins,0 Hrs. 16 Mins,P.O. Carmine Maceri 378,COMPLETE,Routine,In the parking lot by the loading zone.  Caller stated he walked out to his truck and the door lock is  - cavallo_F - 2/25/2025 8:55:42 AMbroken.  He has not entered the vehicle but looked inside and does not appear anything was taken - cavallo_F - 2/25/2025 8:56:12 AM,99 South Newman Street,0 Block of South Newman Street,"99 South Newman Street, Hackensack, NJ, 07601",Phone,99,"South Newman St, 0 Block"
25-015380,02/25/25 09:38,02/25/25,2025,February,01,09,05,Tuesday,056,09:38,09:00,SUSPICIOUS VEHICLE,9,I6,02/25/25 09:40:17,02/25/25 09:46:21,02/25/25 09:52:25,0 Hrs. 06 Mins,0 Hrs. 06 Mins,P.O. Micah Gibson 365,TEMP. SETTLED,Urgent,"Male party in the parking lot, not a resident, refusing to leave.  Caller is the property manager. - iannacone_a - 2/25/2025 9:40:07 AMProperty manager asked him to leave and he refused. - iannacone_a - 2/25/2025 9:40:16 AM",414 Hackensack Avenue,400 Block of Hackensack Avenue,"414 Hackensack Avenue, Hackensack, NJ, 07601",Phone,414,"Hackensack Ave, 400 Block"
25-015411,02/25/25 12:01,02/25/25,2025,February,01,09,05,Tuesday,056,12:01,12:00,CRIMINAL MISCHIEF - VEHICLE,8,H4,02/25/25 12:13:20,02/25/25 12:17:05,02/25/25 12:33:29,0 Hrs. 03 Mins,0 Hrs. 16 Mins,P.O. Micah Gibson 365,SEE REPORT,Routine,Caller stated somebody keyed her car.  Silver Honda Accord parked in the front of the building. - iannacone_a - 2/25/2025 12:03:01 PM,390 Prospect Avenue,300 Block of Prospect Avenue,"390 Prospect Avenue, Hackensack, NJ, 07601",Phone,390,"Prospect Ave, 300 Block"
25-015439,02/25/25 13:39,02/25/25,2025,February,01,09,05,Tuesday,056,13:39,13:00,GROUP,9,I1,02/25/25 13:47:52,02/25/25 13:53:25,02/25/25 14:00:18,0 Hrs. 05 Mins,0 Hrs. 06 Mins,P.O. Juda DeOliveira 376,DISPERSED,Routine,Group of 81's on the soccer field - Sosa_C - 2/25/2025 1:39:34 PMDrone deployed.  Provided overwatch. - weber_r - 2/25/2025 1:44:56 PM,460 River Street,400 Block of River Street,"460 River Street, Hackensack, NJ, 07601",Phone,460,"River St, 400 Block"
25-015451,02/25/25 14:39,02/25/25,2025,February,01,09,05,Tuesday,056,14:39,14:00,SUSPICIOUS INCIDENT,8,H2,02/25/25 14:43:55,02/25/25 14:54:31,02/25/25 14:54:40,0 Hrs. 10 Mins,0 Hrs. 00 Mins,P.O. Angie Tabares 363,ADVISED,Urgent,"Louis Miller(son) 904-482-5504, son believes his mother has been defrauded by a contractor - cavallo_f - 2/25/2025 2:41:29 PM",96 Berry Street,0 Block of Berry Street,"96 Berry Street, Hackensack, NJ, 07601",Phone,96,"Berry St, 0 Block"
25-015470,02/25/25 16:23,02/25/25,2025,February,01,09,05,Tuesday,056,16:23,16:00,SUSPICIOUS INCIDENT,7,G1,02/25/25 16:27:19,02/25/25 16:32:11,02/25/25 16:35:19,0 Hrs. 04 Mins,0 Hrs. 03 Mins,P.O. Juda DeOliveira 376,ADVISED,Urgent,CCAD# 25-070648  Caller stated she was almost hit by a car - Sosa_C - 2/25/2025 4:26:34 PM,145 Main Street,100 Block of Main Street,"145 Main Street, Hackensack, NJ, 07601",9-1-1,145,"Main St, 100 Block"
25-015474,02/25/25 16:48,02/25/25,2025,February,01,09,05,Tuesday,056,16:48,16:00,SIMPLE ASSAULT,9,I5,02/25/25 16:55:36,02/25/25 17:00:46,02/25/25 18:01:12,0 Hrs. 05 Mins,1 Hrs. 00 Mins,P.O. Juda DeOliveira 376,SEE REPORT,Routine,0,266 Herman Street,200 Block of Herman Street,"266 Herman Street, Hackensack, NJ, 07601",Walk-In,266,"Herman St, 200 Block"
25-015487,02/25/25 17:46,02/25/25,2025,February,01,09,05,Tuesday,056,17:46,17:00,GROUP,7,G3,02/25/25 17:57:41,02/25/25 18:01:00,02/25/25 18:04:37,0 Hrs. 03 Mins,0 Hrs. 03 Mins,P.O. Gunther Lara-Nunez 351,DISPERSED,Routine,LARGE GROUP MAINTAINING A RUCKUS. - ORTIZ_N - 2/25/2025 5:47:27 PMDrone deployed.  Provided overwatch. - weber_r - 2/25/2025 6:37:01 PM,10 Lehigh Street,0 Block of Lehigh Street,"10 Lehigh Street, Hackensack, NJ, 07601",Phone,10,"Lehigh St, 0 Block"
25-015493,02/25/25 18:13,02/25/25,2025,February,01,09,05,Tuesday,056,18:13,18:00,DISPUTE,9,I1,02/25/25 18:15:19,02/25/25 18:19:40,02/25/25 18:33:04,0 Hrs. 04 Mins,0 Hrs. 13 Mins,P.O. Andres Lopez 375,SEE REPORT,Urgent,caller has been threatened 3 times with a nailed bat.  - ORTIZ_N - 2/25/2025 6:14:20 PM,50 Linden Street,0 Block of Linden Street,"50 Linden Street, Hackensack, NJ, 07601",Phone,50,"Linden St, 0 Block"
25-015496,02/25/25 18:23,02/25/25,2025,February,01,09,05,Tuesday,056,18:23,18:00,GROUP,7,G3,02/25/25 18:25:12,02/25/25 18:28:24,02/25/25 18:34:52,0 Hrs. 03 Mins,0 Hrs. 06 Mins,P.O. Massimo Gallorini 379,DISPERSED,Routine,group slingin' dice in the rear lot  - ORTIZ_N - 2/25/2025 6:24:16 PM,214 Essex Street,200 Block of Essex Street,"214 Essex Street, Hackensack, NJ, 07601",Phone,214,"Essex St, 200 Block"
25-015509,02/25/25 19:05,02/25/25,2025,February,01,09,05,Tuesday,056,19:05,19:00,TERRORISTIC THREATS,8,H2,02/25/25 19:08:43,02/25/25 19:11:09,02/25/25 19:43:14,0 Hrs. 02 Mins,0 Hrs. 32 Mins,P.O. Andres Lopez 375,SEE REPORT,Routine,"CCAD# 25-070788   12 y.o. threatening to stab her peers and staff, in a separate room - Sosa_C - 2/25/2025 7:06:49 PM",260 Union Street,200 Block of Union Street,"260 Union Street, Hackensack, NJ, 07601",9-1-1,260,"Union St, 200 Block"
25-015515,02/25/25 19:21,02/25/25,2025,February,01,09,05,Tuesday,056,19:21,19:00,DISPUTE,9,I1,02/25/25 19:24:09,02/25/25 19:29:44,02/25/25 19:40:58,0 Hrs. 05 Mins,0 Hrs. 11 Mins,P.O. Anthony Mattalian 83,TEMP. SETTLED,Urgent,CCAD# 25-070807  verbal dispute with neighbor - Sosa_C - 2/25/2025 7:22:57 PM,50 Linden Street,0 Block of Linden Street,"50 Linden Street, Hackensack, NJ, 07601",9-1-1,50,"Linden St, 0 Block"
25-015518,02/25/25 19:28,02/25/25,2025,February,01,09,05,Tuesday,056,19:28,19:00,SUSPICIOUS INCIDENT,5,E1,02/25/25 19:28:28,02/25/25 19:30:53,02/25/25 19:40:14,0 Hrs. 02 Mins,0 Hrs. 09 Mins,P.O. Nart Marza 321,G.O.A.,Urgent,CCAD# 25-070813  juveniles appear to be stealing packages - Sosa_C - 2/25/2025 7:29:56 PM,64 Fair Street,0 Block of Fair Street,"64 Fair Street, Hackensack, NJ, 07601",9-1-1,64,"Fair St, 0 Block"
25-015534,02/25/25 21:06,02/25/25,2025,February,01,09,05,Tuesday,056,21:06,21:00,WELFARE CHECK,9,I2,02/25/25 21:16:27,02/25/25 21:19:02,02/25/25 22:09:08,0 Hrs. 02 Mins,0 Hrs. 50 Mins,P.O. Anthony Mattalian 83,SEE REPORT,Urgent,"Claudette Abreu (5-4-13) has made suicidal statements over gaggle. mother is Claudia Contreras - ORTIZ_N - 2/25/2025 9:08:54 PMGaggle flagged google search ""HOW TO END LIFE"" - ORTIZ_N - 2/25/2025 9:15:22 PM",173 Ross Avenue,100 Block of Ross Avenue,"173 Ross Avenue, Hackensack, NJ, 07601",Phone,173,"Ross Ave, 100 Block"
25-015551,02/25/25 22:03,02/25/25,2025,February,01,09,05,Tuesday,056,22:03,22:00,DISPUTE,9,I1,02/25/25 22:09:25,02/25/25 22:12:11,02/25/25 22:36:21,0 Hrs. 02 Mins,0 Hrs. 24 Mins,P.O. Anthony Mattalian 83,SEE REPORT,Urgent,CCAD# 25-070965  neighbor dispute - Sosa_C - 2/25/2025 10:04:08 PM,50 Linden Street,0 Block of Linden Street,"50 Linden Street, Hackensack, NJ, 07601",9-1-1,50,"Linden St, 0 Block"
25-015571,02/25/25 23:06,02/25/25,2025,February,01,09,05,Tuesday,056,23:06,23:00,SUSPICIOUS INCIDENT,7,G2,02/25/25 23:11:08,02/25/25 23:15:12,02/25/25 23:21:28,0 Hrs. 04 Mins,0 Hrs. 06 Mins,P.O. Massimo Gallorini 379,UNFOUNDED,Urgent,Female was herd screaming in the area.  caller fled for his own safety as a party in the area  - ORTIZ_N - 2/25/2025 11:08:36 PMwas giving him a dirty look. female was herd screaming near the vestibule of 121 Myer St.  - ORTIZ_N - 2/25/2025 11:08:36 PM,121 Myer Street,100 Block of Myer Street,"121 Myer Street, Hackensack, NJ, 07601",Phone,121,"Myer St, 100 Block"
25-015584,02/26/25 00:09,02/26/25,2025,February,01,09,05,Wednesday,057,00:09,00:00,UNWANTED PERSON,5,E2,02/26/25 00:13:55,02/26/25 00:19:28,02/26/25 01:48:18,0 Hrs. 05 Mins,1 Hrs. 28 Mins,P.O. Frank Caneja 346,ASSISTED,Urgent,previously evicted daughters DOG is at the door attempting to gain entry. - ORTIZ_N - 2/26/2025 12:10:30 AM,11 Pink Street,0 Block of Pink Street,"11 Pink Street, Hackensack, NJ, 07601",Phone,11,"Pink St, 0 Block"
25-015606,02/26/25 05:03,02/26/25,2025,February,01,09,05,Wednesday,057,05:03,05:00,SUSPICIOUS INCIDENT,9,I1,02/26/25 05:05:51,02/26/25 05:07:43,02/26/25 05:20:48,0 Hrs. 01 Mins,0 Hrs. 13 Mins,P.O. Anthony Mattalian 83,SEE REPORT,Urgent,"caller states someone breaking in the unit below the callers, unk of what unit exactly  - cavallo_f - 2/26/2025 5:03:35 AMbut on the first floor, caller hears people walking and shuffling in the alley of the building - cavallo_f - 2/26/2025 5:06:10 AMCOmplainant in B2, CFS:25-071278 - cavallo_f - 2/26/2025 5:04:39 AM",46 Anderson Street,0 Block of Anderson Street,"46 Anderson Street, Hackensack, NJ, 07601",9-1-1,46,"Anderson St, 0 Block"
25-015636,02/26/25 07:08,02/26/25,2025,February,01,09,05,Wednesday,057,07:08,07:00,DISPUTE,9,I1,02/26/25 07:11:18,02/26/25 07:15:11,02/26/25 07:19:53,0 Hrs. 03 Mins,0 Hrs. 04 Mins,P.O. Carmine Maceri 378,TEMP. SETTLED,Urgent,Dispute over being overcharged for service - deleon_a - 2/26/2025 7:10:31 AM,541 River Street,500 Block of River Street,"541 River Street, Hackensack, NJ, 07601",Phone,541,"River St, 500 Block"
25-015671,02/26/25 09:13,02/26/25,2025,February,01,09,05,Wednesday,057,09:13,09:00,DISPUTE,7,G4,02/26/25 09:16:36,02/26/25 09:20:49,02/26/25 09:56:00,0 Hrs. 04 Mins,0 Hrs. 35 Mins,P.O. Angie Tabares 363,TEMP. SETTLED,Urgent,60 YOM - Gervasi_J - 2/26/2025 9:15:50 AMBELLIGERENT AND AGGRESSIVE IN ROOM 38 // FLOOR 5 - Gervasi_J - 2/26/2025 9:15:50 AMCC#25-071509 - Gervasi_J - 2/26/2025 9:15:50 AM,30 Prospect Avenue,0 Block of Prospect Avenue,"30 Prospect Avenue, Hackensack, NJ, 07601",9-1-1,30,"Prospect Ave, 0 Block"
25-015721,02/26/25 11:52,02/26/25,2025,February,01,09,05,Wednesday,057,11:52,11:00,DISPUTE,5,E2,02/26/25 11:57:24,02/26/25 12:02:35,02/26/25 12:20:36,0 Hrs. 05 Mins,0 Hrs. 18 Mins,P.O. Ruben Almonte 359,SEE REPORT,Urgent,"Complainant reporting a dispute with a fellow employee,  and is standing by on the second floor - cavallo_f - 2/26/2025 11:54:36 AM",299 Williams Avenue,200 Block of Williams Avenue,"299 Williams Avenue, Hackensack, NJ, 07601",Phone,299,"Williams Ave, 200 Block"
25-015757,02/26/25 14:55,02/26/25,2025,February,01,09,05,Wednesday,057,14:55,14:00,SUSPICIOUS INCIDENT,9,I5,02/26/25 14:57:48,02/26/25 15:10:37,02/26/25 15:16:08,0 Hrs. 12 Mins,0 Hrs. 05 Mins,P.O. Juda DeOliveira 376,UNABLE TO LOCATE,Urgent,"6-7 yom lingering the area without supervisionHispanic male wearing tan hoodie tan pants and crocscaller is a passer by juvenile was headed towards lidos - Gervasi_J - 2/26/2025 2:56:23 PMBC#25072065 - Gervasi_J - 2/26/2025 2:57:09 PMDrone deployed.  Searched for juvenile, unable to locate. - weber_r - 2/26/2025 3:16:04 PM",59 Spring Valley Avenue,0 Block of Spring Valley Avenue,"59 Spring Valley Avenue, Hackensack, NJ, 07601",9-1-1,59,"Spring Valley Ave, 0 Block"
25-015804,02/26/25 18:02,02/26/25,2025,February,01,09,05,Wednesday,057,18:02,18:00,SHOPLIFTING,9,I1,02/26/25 18:16:52,02/26/25 18:20:01,02/26/25 18:39:11,0 Hrs. 03 Mins,0 Hrs. 19 Mins,P.O. Benjamin Estrada 350,SEE REPORT,Routine,not in custody yet but should be soon  - ortiz_n - 2/26/2025 6:03:09 PM,630 Main Street,600 Block of Main Street,"630 Main Street, Hackensack, NJ, 07601",Phone,630,"Main St, 600 Block"
25-015823,02/26/25 19:46,02/26/25,2025,February,01,09,05,Wednesday,057,19:46,19:00,WELFARE CHECK,8,H3,02/26/25 19:50:11,02/26/25 19:51:42,02/26/25 20:28:32,0 Hrs. 01 Mins,0 Hrs. 36 Mins,P.O. Anthony Mattalian 83,SEE REPORT,Urgent,saran camara (ebraham trawally) check on the child.  child made a statement that he didnt know if - ortiz_n - 2/26/2025 7:48:58 PMhe would be fed today.    complainant is NJ CHILD ABUSE HOTLINE - ortiz_n - 2/26/2025 7:49:44 PM,205 Berry Street,200 Block of Berry Street,"205 Berry Street, Hackensack, NJ, 07601",Phone,205,"Berry St, 200 Block"
25-015826,02/26/25 19:51,02/26/25,2025,February,01,09,05,Wednesday,057,19:51,19:00,DISPUTE,9,I2,02/26/25 20:24:50,02/26/25 20:31:47,02/26/25 20:54:26,0 Hrs. 06 Mins,0 Hrs. 22 Mins,P.O. Massimo Gallorini 379,TEMP. SETTLED,Urgent,Caller can hear a domestic dispute from her apartment. She resides in 6I but she cant tell where its coming from. - scott_l - 2/26/2025 7:52:20 PMcoming from. 2nd 911 call -  caller said she believes the dispute to be coming from 5J - scott_l - 2/26/2025 8:02:13 PMBCCAD# 25-072397 - scott_l - 2/26/2025 7:53:52 PM,290 Anderson Street,200 Block of Anderson Street,"290 Anderson Street, Hackensack, NJ, 07601",9-1-1,290,"Anderson St, 200 Block"
25-015829,02/26/25 20:01,02/26/25,2025,February,01,09,05,Wednesday,057,20:01,20:00,SUSPICIOUS PERSON,7,G4,02/26/25 20:06:07,02/26/25 20:08:47,02/26/25 20:15:57,0 Hrs. 02 Mins,0 Hrs. 07 Mins,P.O. Frank Caneja 346,G.O.A.,Urgent,group has entered the lower garage.  caller believes they have entered to commit nefarious  - ortiz_n - 2/26/2025 8:03:52 PMactivites while consuming cannabis  - ortiz_n - 2/26/2025 8:03:56 PM,360 Essex Street,300 Block of Essex Street,"360 Essex Street, Hackensack, NJ, 07601",Phone,360,"Essex St, 300 Block"
25-015830,02/26/25 20:04,02/26/25,2025,February,01,09,05,Wednesday,057,20:04,20:00,FIELD CONTACT/ INFORMATION,6,F1,02/26/25 20:04:41,02/26/25 20:05:17,02/26/25 20:05:22,0 Hrs. 00 Mins,0 Hrs. 00 Mins,P.O. Frank Caneja 346,COMPLETE,Routine,0,100 State Street,100 Block of State Street,"100 State Street, Hackensack, NJ, 07601",Radio,100,"State St, 100 Block"
25-015859,02/26/25 21:30,02/26/25,2025,February,01,09,05,Wednesday,057,21:30,21:00,DOMESTIC VIOLENCE,5,E3,02/26/25 21:35:59,02/26/25 21:30:31,02/26/25 21:57:07,###############################################################################################################################################################################################################################################################,0 Hrs. 26 Mins,P.O. Pedro Dominguez 166,TEMP. SETTLED,Emergency,Caller having a dispute with her boyfriend. - Boyfriend struck her in the face - scott_l - 2/26/2025 9:35:02 PMBCCAD# 25-072504 - scott_l - 2/26/2025 9:35:02 PM,517 Hudson Street,500 Block of Hudson Street,"517 Hudson Street, Hackensack, NJ, 07601",Radio,517,"Hudson St, 500 Block"
25-015876,02/26/25 22:18,02/26/25,2025,February,01,09,05,Wednesday,057,22:18,22:00,DISPUTE,9,I1,02/26/25 22:20:28,02/26/25 22:18:23,02/26/25 23:01:11,###############################################################################################################################################################################################################################################################,0 Hrs. 42 Mins,P.O. Massimo Gallorini 379,SEE REPORT,Urgent,"POSSIBLE PHYSICAL DISPUTE - YELLING, AND SCREAMING -  - scott_l - 2/26/2025 10:20:01 PMCALLER RESIDES AT B4 - CALLER WANTS TO REMAIN ANONYMOUS - scott_l - 2/26/2025 10:20:01 PMBCCAD# 25-072543 - scott_l - 2/26/2025 10:20:01 PM",50 Anderson Street,0 Block of Anderson Street,"50 Anderson Street, Hackensack, NJ, 07601",9-1-1,50,"Anderson St, 0 Block"
25-015891,02/26/25 23:04,02/26/25,2025,February,01,09,05,Wednesday,057,23:04,23:00,SUSPICIOUS VEHICLE,7,G1,02/26/25 23:04:37,02/26/25 23:04:42,02/26/25 23:23:04,0 Hrs. 00 Mins,0 Hrs. 18 Mins,P.O. Frank Caneja 346,DISPERSED,Urgent,0,24 Atlantic Street,0 Block of Atlantic Street,"24 Atlantic Street, Hackensack, NJ, 07601",Radio,24,"Atlantic St, 0 Block"
25-015994,02/27/25 09:35,02/27/25,2025,February,01,09,05,Thursday,058,09:35,09:00,DISPUTE,8,H3,02/27/25 09:37:24,02/27/25 09:39:34,02/27/25 09:46:54,0 Hrs. 02 Mins,0 Hrs. 07 Mins,P.O. Angie Tabares 363,TEMP. SETTLED,Urgent,dispute with upstairs neighbor - farhi_b - 2/27/2025 9:36:51 AM,279 Second Street,200 Block of Second Street,"279 Second Street, Hackensack, NJ, 07601",Phone,279,"Second St, 200 Block"
25-016066,02/27/25 16:03,02/27/25,2025,February,01,09,05,Thursday,058,16:03,16:00,UNWANTED PERSON,5,E3,02/27/25 16:05:55,02/27/25 16:12:47,02/27/25 16:15:23,0 Hrs. 06 Mins,0 Hrs. 02 Mins,P.O. Carmine Maceri 378,DISPERSED,Urgent,W/M panhandler w/backpack opening the door asking for money - LEVIS_R - 2/27/2025 4:05:40 PM,505 South River Street,500 Block of South River Street,"505 South River Street, Hackensack, NJ, 07601",Phone,505,"South River St, 500 Block"
25-016077,02/27/25 16:24,02/27/25,2025,February,01,09,05,Thursday,058,16:24,16:00,SUSPICIOUS INCIDENT,8,H1,02/27/25 16:27:54,02/27/25 16:36:05,02/27/25 17:36:48,0 Hrs. 08 Mins,1 Hrs. 00 Mins,P.O. Alexis Mena 322,SEE REPORT,Urgent,"meet the complainant in the lobby, tenant reporting someone urinated on the floor of  her  - cavallo_f - 2/27/2025 4:25:55 PMapartment - cavallo_f - 2/27/2025 4:26 PM",214 Moore Street,200 Block of Moore Street,"214 Moore Street, Hackensack, NJ, 07601",Phone,214,"Moore St, 200 Block"
25-016115,02/27/25 19:56,02/27/25,2025,February,01,09,05,Thursday,058,19:56,19:00,GROUP,7,G3,02/27/25 20:03:59,02/27/25 20:04:24,02/27/25 20:11:27,0 Hrs. 00 Mins,0 Hrs. 07 Mins,P.O. Anthony Mattalian 83,DISPERSED,Routine,large group gambling possibly about to fight  - ortiz_n - 2/27/2025 8:03:54 PM,12 Lehigh Street,0 Block of Lehigh Street,"12 Lehigh Street, Hackensack, NJ, 07601",Phone,12,"Lehigh St, 0 Block"
25-016130,02/27/25 20:44,02/27/25,2025,February,01,09,05,Thursday,058,20:44,20:00,DISPUTE,5,E1,02/27/25 20:45:51,02/27/25 20:44:00,02/27/25 21:02:57,###############################################################################################################################################################################################################################################################,0 Hrs. 18 Mins,P.O. Nart Marza 321,G.O.A.,Urgent,verbal - irate customer vs employee - customer refusing to leave establishment - scott_l - 2/27/2025 8:44:54 PM25-073865 - scott_l - 2/27/2025 8:44:54 PM,55 Essex Street,0 Block of Essex Street,"55 Essex Street, Hackensack, NJ, 07601",9-1-1,55,"Essex St, 0 Block"
25-016132,02/27/25 20:47,02/27/25,2025,February,01,09,05,Thursday,058,20:47,20:00,CRIMINAL MISCHIEF,6,F1,02/27/25 20:50:47,02/27/25 20:52:37,02/27/25 21:21:41,0 Hrs. 01 Mins,0 Hrs. 29 Mins,P.O. Massimo Gallorini 379,SEE REPORT,Routine,"Personal vehicles were egged, as if it was mischief night.  - ortiz_n - 2/27/2025 8:49:58 PM",174 Green Street,100 Block of Green Street,"174 Green Street, Hackensack, NJ, 07601",Phone,174,"Green St, 100 Block"
25-016136,02/27/25 21:04,02/27/25,2025,February,01,09,05,Thursday,058,21:04,21:00,DISPUTE,5,E2,02/27/25 21:07:33,02/27/25 21:10:18,02/27/25 21:55:06,0 Hrs. 02 Mins,0 Hrs. 44 Mins,P.O. Nart Marza 321,ASSISTED,Urgent,verbal - male vs female - caller stating that he is attempting to retrieve his belongings  - scott_l - 2/27/2025 9:05:37 PMbut the female party is giving him a hard time - male is awaiting officers in a grey nissan - scott_l - 2/27/2025 9:05:37 PMBCCAD# 25-073888 - scott_l - 2/27/2025 9:06:12 PM,209 South Main Street,200 Block of South Main Street,"209 South Main Street, Hackensack, NJ, 07601",9-1-1,209,"South Main St, 200 Block"
25-016142,02/27/25 21:22,02/27/25,2025,February,01,09,05,Thursday,058,21:22,21:00,BURGLARY - RESIDENCE,7,G1,02/27/25 21:27:26,02/27/25 21:30:24,02/27/25 22:14:31,0 Hrs. 02 Mins,0 Hrs. 44 Mins,P.O. Anthony Mattalian 83,SEE REPORT,Emergency,caller reports her door knob is hanging off the door and key fob is non functional  - ortiz_n - 2/27/2025 9:23:50 PM,100 State Street,100 Block of State Street,"100 State Street, Hackensack, NJ, 07601",Phone,100,"State St, 100 Block"
25-016149,02/27/25 22:01,02/27/25,2025,February,01,09,05,Thursday,058,22:01,22:00,WELFARE CHECK,0,0,02/27/25 22:06:14,02/27/25 22:11:05,02/27/25 22:24:50,0 Hrs. 04 Mins,0 Hrs. 13 Mins,P.O. Frank Caneja 346,FIELD CONTACT,Urgent,"check on Nicholas Princapato, Phone number 7327405412. party is ill and not answering the phone  - caneja_f - 2/27/2025 10:37:22 PMUnable to make contact, left field contact card - tanis_r - 2/27/2025 10:24:50 PM",150 Main Street,100 Block of Main Street,"150 Main Street, Hackensack, NJ, 07601",Phone,150,"Main St, 100 Block"
25-016151,02/27/25 22:14,02/27/25,2025,February,01,09,05,Thursday,058,22:14,22:00,GROUP,7,G3,02/27/25 22:16:22,02/27/25 22:17:22,02/27/25 22:18:37,0 Hrs. 01 Mins,0 Hrs. 01 Mins,P.O. Anthony Mattalian 83,DISPERSED,Routine,Gambling drinking and fighting  - ortiz_n - 2/27/2025 10:15:04 PM,12 Lehigh Street,0 Block of Lehigh Street,"12 Lehigh Street, Hackensack, NJ, 07601",Phone,12,"Lehigh St, 0 Block"
25-016252,02/28/25 10:31,02/28/25,2025,February,01,09,05,Friday,059,10:31,10:00,DISPUTE,9,I1,02/28/25 10:45:52,02/28/25 10:51:26,02/28/25 11:22:50,0 Hrs. 05 Mins,0 Hrs. 31 Mins,P.O. Ruben Almonte 359,ADVISED,Urgent,Dispute over a dog.  One party GOA - knapp_j - 2/28/2025 10:32:27 AM,586 Main Street,500 Block of Main Street,"586 Main Street, Hackensack, NJ, 07601",Phone,586,"Main St, 500 Block"
25-016262,02/28/25 11:23,02/28/25,2025,February,01,09,05,Friday,059,11:23,11:00,SUSPICIOUS PERSON,8,H4,02/28/25 11:27:53,02/28/25 11:30:14,02/28/25 11:40:51,0 Hrs. 02 Mins,0 Hrs. 10 Mins,P.O. Ruben Almonte 359,SEE REPORT,Urgent,"CCAD# 25-074713  H/M wearing a blue jacket black pants was in the backyard and was also  - Sosa_C - 2/28/2025 11:27:10 AMknocking on the front door, walked towards Prospect possibly now on Franklin - Sosa_C - 2/28/2025 11:27:10 AMDrone deployed.  Searched for suspect w/ neg. results. - weber_r - 2/28/2025 11:43:39 AM",286 Passaic Street,200 Block of Passaic Street,"286 Passaic Street, Hackensack, NJ, 07601",9-1-1,286,"Passaic St, 200 Block"
25-016266,02/28/25 11:35,02/28/25,2025,February,01,09,05,Friday,059,11:35,11:00,WELFARE CHECK,7,G5,02/28/25 11:55:18,02/28/25 11:59:53,02/28/25 14:25:20,0 Hrs. 04 Mins,2 Hrs. 25 Mins,P.O. Micah Gibson 365,SEE REPORT,Urgent,"Check on Alexis Lewin.  Case manager in route to explain further.  ETA 1200 - knapp_j - 2/28/2025 11:37:35 AMKaren reports Alexis is ""psychotic"" and has been for weeks. - knapp_j - 2/28/2025 11:37:35 AM",67 Arcadia Road,0 Block of Arcadia Road,"67 Arcadia Road, Hackensack, NJ, 07601",Phone,67,"Arcadia Road, 0 Block"
25-016277,02/28/25 12:54,02/28/25,2025,February,01,09,05,Friday,059,12:54,12:00,SUSPICIOUS INCIDENT,5,E2,02/28/25 13:01:26,02/28/25 13:08:22,02/28/25 14:37:10,0 Hrs. 06 Mins,1 Hrs. 28 Mins,P.O. Juda DeOliveira 376,SEE REPORT,Urgent,"Responded to office.  Found a handgun in storage unit, brought it to office. - knapp_j - 2/28/2025 12:56:11 PM",270 South River Street,200 Block of South River Street,"270 South River Street, Hackensack, NJ, 07601",Phone,270,"South River St, 200 Block"
25-016283,02/28/25 13:36,02/28/25,2025,February,01,09,05,Friday,059,13:36,13:00,DISPUTE,9,I1,02/28/25 13:44:31,02/28/25 13:47:37,02/28/25 13:58:37,0 Hrs. 03 Mins,0 Hrs. 11 Mins,Sgt. Jason Gretkowski 345,ADVISED,Urgent,CCAD# 25-074855  party claiming he was pushed  - Sosa_C - 2/28/2025 1:36:52 PM,540 Main Street,500 Block of Main Street,"540 Main Street, Hackensack, NJ, 07601",9-1-1,540,"Main St, 500 Block"
25-016305,02/28/25 14:58,02/28/25,2025,February,01,09,05,Friday,059,14:58,14:00,MOTOR VEHICLE THEFT,9,I4,02/28/25 15:10:14,02/28/25 15:12:44,02/28/25 15:35:27,0 Hrs. 02 Mins,0 Hrs. 22 Mins,P.O. Angie Tabares 363,ADVISED,Routine,customers vehicle was stolen - cavallo_f - 2/28/2025 3:00:43 PM,141 Johnson Avenue,100 Block of Johnson Avenue,"141 Johnson Avenue, Hackensack, NJ, 07601",Phone,141,"Johnson Ave, 100 Block"
25-016310,02/28/25 15:14,02/28/25,2025,February,01,09,05,Friday,059,15:14,15:00,UNWANTED PERSON,9,I1,02/28/25 15:18:47,02/28/25 15:21:41,02/28/25 15:25:13,0 Hrs. 02 Mins,0 Hrs. 03 Mins,P.O. Carmine Maceri 378,DISPERSED,Urgent,"unwanted group in the rear lot, possibly smoking cds in vehicle See Kenny, si - cavallo_f - 2/28/2025 3:20:53 PMDrone deployed. - weber_r - 2/28/2025 3:18:56 PM",126 Anderson Street,100 Block of Anderson Street,"126 Anderson Street, Hackensack, NJ, 07601",Phone,126,"Anderson St, 100 Block"
25-016319,02/28/25 15:51,02/28/25,2025,February,01,09,05,Friday,059,15:51,15:00,CITY ORDINANCE,9,I1,02/28/25 15:51:31,02/28/25 15:51:32,02/28/25 15:59:44,0 Hrs. 00 Mins,0 Hrs. 08 Mins,Const. Dean Mattalian 430,DISPERSED,Routine,dispersing 81's from locked field - antista_ma - 2/28/2025 3:51:28 PM,460 River Street,400 Block of River Street,"460 River Street, Hackensack, NJ, 07601",Radio,460,"River St, 400 Block"
25-016339,02/28/25 18:00,02/28/25,2025,February,01,09,05,Friday,059,18:00,18:00,WELFARE CHECK,8,H3,02/28/25 18:15:36,02/28/25 18:21:20,02/28/25 21:08:42,0 Hrs. 05 Mins,2 Hrs. 47 Mins,P.O. Andres Lopez 375,SEE REPORT,Urgent,"reported through gaggle, Valaree Velazquez indicated she was being abused by an adult/guardian  - ortiz_n - 2/28/2025 6:01:48 PMand is currently having suicidal ideation's.  - ortiz_n - 2/28/2025 6:01:48 PMDoes not reside at 223 Passaic St any longer. Responding to 90 Arcadia Rd Apt F to check. Unable to  - Sroka_T - 2/28/2025 7:19:45 PM",223 Passaic Street,200 Block of Passaic Street,"223 Passaic Street, Hackensack, NJ, 07601",Phone,223,"Passaic St, 200 Block"
25-016358,02/28/25 19:17,02/28/25,2025,February,01,09,05,Friday,059,19:17,19:00,SUSPICIOUS VEHICLE,9,I5,02/28/25 19:39:47,02/28/25 19:43:51,02/28/25 19:46:45,0 Hrs. 04 Mins,0 Hrs. 02 Mins,P.O. Frank Caneja 346,G.O.A.,Urgent,Vehicle in the park no lights on - Sroka_T - 2/28/2025 7:40:19 PM,177 Coles Avenue,100 Block of Coles Avenue,"177 Coles Avenue, Hackensack, NJ, 07601",Radio,177,"Coles Ave, 100 Block"
25-016398,02/28/25 23:19,02/28/25,2025,February,01,09,05,Friday,059,23:19,23:00,WELFARE CHECK,9,I5,02/28/25 23:21:39,02/28/25 23:30:48,02/28/25 23:36:58,0 Hrs. 09 Mins,0 Hrs. 06 Mins,P.O. Nart Marza 321,UNABLE TO LOCATE,Urgent,"25-075486     female heard loudly asking what and then where am I, did not answer  - Sosa_C - 2/28/2025 11:20:24 PMany question directly / address via landline ph# - Sosa_C - 2/28/2025 11:20:16 PMdisoriented female looking for Jacob - thomas_l - 2/28/2025 11:38:32 PM",161 Elm Avenue,100 Block of Elm Avenue,"161 Elm Avenue, Hackensack, NJ, 07601",9-1-1,161,"Elm Ave, 100 Block"
25-016404,02/28/25 23:55,02/28/25,2025,February,01,09,05,Friday,059,23:55,23:00,DISPUTE,8,H2,02/28/25 23:59:05,03/01/25 00:01:37,03/01/25 00:15:22,0 Hrs. 02 Mins,0 Hrs. 13 Mins,P.O. Andres Lopez 375,TEMP. SETTLED,Urgent,party causing a scene arguing with mr potter - ortiz_n - 2/28/2025 11:57:51 PM,315 Park Street,300 Block of Park Street,"315 Park Street, Hackensack, NJ, 07601",Phone,315,"Park St, 300 Block"
25-016408,03/01/25 00:18,03/01/25,2025,March,01,09,01,Saturday,060,00:18,00:00,DISPUTE,8,H2,03/01/25 00:18:55,03/01/25 00:23:38,03/01/25 00:41:19,0 Hrs. 04 Mins,0 Hrs. 17 Mins,P.O. Andres Lopez 375,ADVISED,Urgent,round 2.......FIGHT!!!! - ortiz_n - 3/1/2025 12:18:32 AM,315 Park Street,300 Block of Park Street,"315 Park Street, Hackensack, NJ, 07601",Phone,315,"Park St, 300 Block"
25-016410,03/01/25 00:20,03/01/25,2025,March,01,09,01,Saturday,060,00:20,00:00,DISPUTE,6,F2,03/01/25 00:24:35,03/01/25 00:26:30,03/01/25 00:28:41,0 Hrs. 01 Mins,0 Hrs. 02 Mins,P.O. Pedro Dominguez 166,UNFOUNDED,Urgent,"caller got in argument at liquor store, has pancreatitis and hernia, abdominal pain` - ortiz_n - 3/1/2025 12:21:23 AMBCC 25-075543. - ortiz_n - 3/1/2025 12:23:30 AM",321 Essex Street,300 Block of Essex Street,"321 Essex Street, Hackensack, NJ, 07601",Phone,321,"Essex St, 300 Block"
25-016430,03/01/25 01:45,03/01/25,2025,March,01,09,01,Saturday,060,01:45,01:00,UNWANTED PERSON,7,G4,03/01/25 01:54:36,03/01/25 01:57:57,03/01/25 02:03:33,0 Hrs. 03 Mins,0 Hrs. 05 Mins,P.O. Roselys Salas 369,DISPERSED,Urgent,party attempting to achieve rem sleep in the atm vestibule  - ortiz_n - 3/1/2025 2:01:48 AM,360 Essex Street,300 Block of Essex Street,"360 Essex Street, Hackensack, NJ, 07601",Phone,360,"Essex St, 300 Block"
25-016434,03/01/25 02:02,03/01/25,2025,March,01,09,01,Saturday,060,02:02,02:00,DISPUTE,8,H2,03/01/25 02:28:07,03/01/25 02:30:54,03/01/25 03:37:29,0 Hrs. 02 Mins,1 Hrs. 06 Mins,P.O. Angelo Vicale 370,SEE REPORT,Urgent,5th time - thomas_l - 3/1/2025 2:28:32 AM - thomas_l - 3/1/2025 2:28:32 AM,315 Park Street,300 Block of Park Street,"315 Park Street, Hackensack, NJ, 07601",Phone,315,"Park St, 300 Block"
25-016448,03/01/25 03:40,03/01/25,2025,March,01,09,01,Saturday,060,03:40,03:00,DISPUTE,5,E2,03/01/25 03:41:36,03/01/25 03:43:03,03/01/25 03:54:28,0 Hrs. 01 Mins,0 Hrs. 11 Mins,P.O. Maximiliano Anguizaca 368,ADVISED,Urgent,caller reports argument w/callers brother // verbal only no weapons  BCC # 25-075731 - ortiz_n - 3/1/2025 3:41:45 AM,76 West Franklin Street,0 Block of West Franklin Street,"76 West Franklin Street, Hackensack, NJ, 07601",Phone,76,"West Franklin St, 0 Block"
25-016519,03/01/25 12:24,03/01/25,2025,March,01,09,01,Saturday,060,12:24,12:00,DISPUTE,8,H3,03/01/25 12:27:51,03/01/25 12:30:09,03/01/25 12:35:42,0 Hrs. 02 Mins,0 Hrs. 05 Mins,P.O. Juda DeOliveira 376,ADVISED,Urgent,Caller having an on going dispute with the lanlord wants to file a report to document the incident.  - lyak_r - 3/1/2025 12:26:50 PMSecond floor apartment.  - lyak_r - 3/1/2025 12:26:50 PM,175 Berry Street,100 Block of Berry Street,"175 Berry Street, Hackensack, NJ, 07601",Phone,175,"Berry St, 100 Block"
25-016534,03/01/25 13:54,03/01/25,2025,March,01,09,01,Saturday,060,13:54,13:00,DISPUTE,7,G2,03/01/25 14:03:48,03/01/25 14:11:43,03/01/25 14:37:52,0 Hrs. 07 Mins,0 Hrs. 26 Mins,P.O. Michael Scangarella 349,SEE REPORT,Urgent,Jane is stating that her neighbor hired a tree company and they trimmed a tree on her property - lyak_r - 3/1/2025 1:56:01 PMtoo much without her authorization.  - lyak_r - 3/1/2025 1:56:01 PM,140 Ricardo Place,100 Block of Ricardo Place,"140 Ricardo Place, Hackensack, NJ, 07601",Phone,140,"Ricardo Pl, 100 Block"
25-016539,03/01/25 14:06,03/01/25,2025,March,01,09,01,Saturday,060,14:06,14:00,SUSPICIOUS INCIDENT,9,I2,03/01/25 14:30:11,03/01/25 14:33:14,03/01/25 14:40:40,0 Hrs. 03 Mins,0 Hrs. 07 Mins,P.O. Forrod Bonsu 353,ADVISED,Urgent,Complaint will meet at the front door - mini van pulled up while she was walking asking - klosk_j - 3/1/2025 2:08:01 PModd questions - possible attempted luring  - klosk_j - 3/1/2025 2:09:01 PM,290 Anderson Street,200 Block of Anderson Street,"290 Anderson Street, Hackensack, NJ, 07601",Phone,290,"Anderson St, 200 Block"
25-016565,03/01/25 17:10,03/01/25,2025,March,01,09,01,Saturday,060,17:10,17:00,UNWANTED PERSON,9,I6,03/01/25 17:12:31,03/01/25 17:18:46,03/01/25 17:28:23,0 Hrs. 06 Mins,0 Hrs. 09 Mins,P.O. Bobby Rivera 361,DISPERSED,Urgent,see manager in ref to an unwanted male party refusing to leave. - wouters_f - 3/1/2025 5:11:37 PM,400  Hackensack Avenue,400 Block of  Hackensack Avenue,"400  Hackensack Avenue, Hackensack, NJ, 07601",Phone,400," Hackensack Ave, 400 Block"
25-016607,03/01/25 20:38,03/01/25,2025,March,01,09,01,Saturday,060,20:38,20:00,UNWANTED PERSON,8,H4,03/01/25 20:38:38,03/01/25 20:44:07,03/01/25 20:59:52,0 Hrs. 05 Mins,0 Hrs. 15 Mins,P.O. Angelo Vicale 370,SEE REPORT,Urgent,0,316 Passaic Street,300 Block of Passaic Street,"316 Passaic Street, Hackensack, NJ, 07601",Radio,316,"Passaic St, 300 Block"
25-016610,03/01/25 20:58,03/01/25,2025,March,01,09,01,Saturday,060,20:58,20:00,SUSPICIOUS INCIDENT,7,G2,03/01/25 21:00:55,03/01/25 21:05:26,03/01/25 21:13:18,0 Hrs. 04 Mins,0 Hrs. 07 Mins,P.O. Angelo Vicale 370,ADVISED,Urgent,CCAD# 25-076617  complainant in room 11 hears creepy noises from the 3rd or 5th floor - Sosa_C - 3/1/2025 9:00:05 PM,100 Essex Street,100 Block of Essex Street,"100 Essex Street, Hackensack, NJ, 07601",9-1-1,100,"Essex St, 100 Block"
25-016680,03/02/25 01:25,03/02/25,2025,March,01,10,02,Sunday,061,01:25,01:00,A.T.R.A.,5,E2,03/02/25 01:25:54,03/02/25 01:25:57,03/02/25 01:42:43,0 Hrs. 00 Mins,0 Hrs. 16 Mins,P.O. Angelo Vicale 370,SEE REPORT,Urgent,0,174 South Main Street,100 Block of South Main Street,"174 South Main Street, Hackensack, NJ, 07601",Radio,174,"South Main St, 100 Block"
25-016781,03/02/25 12:07,03/02/25,2025,March,01,10,02,Sunday,061,12:07,12:00,DOMESTIC VIOLENCE,9,I1,03/02/25 12:10:09,03/02/25 12:17:15,03/02/25 14:15:58,0 Hrs. 07 Mins,1 Hrs. 58 Mins,P.O. Christian Alvarez 364,SEE REPORT,Emergency,Walk in - kiselow_g - 3/2/2025 12:07:49 PM,65 Maple Avenue,0 Block of Maple Avenue,"65 Maple Avenue, Hackensack, NJ, 07601",Walk-In,65,"Maple Ave, 0 Block"
25-016795,03/02/25 14:05,03/02/25,2025,March,01,10,02,Sunday,061,14:05,14:00,DISPUTE,7,G1,03/02/25 14:06:42,03/02/25 14:08:59,03/02/25 14:21:57,0 Hrs. 02 Mins,0 Hrs. 12 Mins,P.O. Peter Voorhis 380,ASSISTED,Urgent,CCAD# 25-077406  male Vs. female outside - Sosa_C - 3/2/2025 2:06:08 PM,100 State Street,100 Block of State Street,"100 State Street, Hackensack, NJ, 07601",9-1-1,100,"State St, 100 Block"
25-016799,03/02/25 14:19,03/02/25,2025,March,01,10,02,Sunday,061,14:19,14:00,DISPUTE,9,I3,03/02/25 15:49:18,03/02/25 15:49:30,03/02/25 16:15:07,0 Hrs. 00 Mins,0 Hrs. 25 Mins,P.O. Forrod Bonsu 353,SEE REPORT,Urgent,"CCAD# 25-077420  two males, verbal, complainant G.O.A. - Sosa_C - 3/2/2025 2:20:49 PMMICOM Notified - kiselow_g - 3/2/2025 2:22:50 PMWALK IN.   - kiselow_g - 3/2/2025 3:46:26 PM",156 Hackensack Avenue,100 Block of Hackensack Avenue,"156 Hackensack Avenue, Hackensack, NJ, 07601",9-1-1,156,"Hackensack Ave, 100 Block"
25-016806,03/02/25 14:34,03/02/25,2025,March,01,10,02,Sunday,061,14:34,14:00,DISPUTE,5,E3,03/02/25 14:38:23,03/02/25 14:43:25,03/02/25 15:08:16,0 Hrs. 05 Mins,0 Hrs. 24 Mins,P.O. Bobby Rivera 361,TEMP. SETTLED,Urgent,Dispute with second floor resident - kiselow_g - 3/2/2025 2:34:42 PM,394 Taylor Avenue,300 Block of Taylor Avenue,"394 Taylor Avenue, Hackensack, NJ, 07601",Phone,394,"Taylor Ave, 300 Block"
25-016821,03/02/25 15:25,03/02/25,2025,March,01,10,02,Sunday,061,15:25,15:00,SUSPICIOUS INCIDENT,8,H3,03/02/25 15:30:38,03/02/25 15:33:02,03/02/25 16:08:10,0 Hrs. 02 Mins,0 Hrs. 35 Mins,P.O. Christian Alvarez 364,SEE REPORT,Urgent,Walk in.  Father is account holder.  Daughter utilizes the cellphone.  Unknown suspect(s) placed - kiselow_g - 3/2/2025 3:28:28 PMthe daughter's information on social media.  Wants incident documented - kiselow_g - 3/2/2025 3:28:28 PM,317 First Street,300 Block of First Street,"317 First Street, Hackensack, NJ, 07601",Walk-In,317,"First St, 300 Block"
25-016828,03/02/25 16:39,03/02/25,2025,March,01,10,02,Sunday,061,16:39,16:00,DISPUTE,6,F1,03/02/25 16:41:35,03/02/25 16:44:01,03/02/25 16:50:47,0 Hrs. 02 Mins,0 Hrs. 06 Mins,P.O. Peter Voorhis 380,TEMP. SETTLED,Urgent,CCAD# 25-077582   grandmother vs. granddaughter  - Sosa_C - 3/2/2025 4:40:36 PM,119 Essex Street,100 Block of Essex Street,"119 Essex Street, Hackensack, NJ, 07601",9-1-1,119,"Essex St, 100 Block"
